Timestamp,DeviceName,AccountName,ActionType,FileName,FolderPath,SHA256,ProcessCommandLine
"May 4, 2026 10:52:43 AM",threat-hunt-lab,employee,ProcessCreated,firefox.exe,C:\Users\employee\Desktop\Tor Browser\Browser\firefox.exe,cc24a3b8e51a8301f65fe06335ec65a95b9076d4784dfbae0a6adac0f025bfaa,"""firefox.exe"" -contentproc -isForBrowser -prefsHandle 2000:29531 -prefMapHandle 4896:276329 -jsInitHandle 5704:242716 -parentBuildID 20260427173000 -ipcHandle 4624 -initialChannelId {bbc0f1af-a598-45b8-954b-d4fdb17d861b} -parentPid 6712 -win32kLockedDown -appDir ""C:\Users\employee\Desktop\Tor Browser\Browser\browser"" - 20 tab"
"May 4, 2026 10:52:35 AM",threat-hunt-lab,employee,ProcessCreated,firefox.exe,C:\Users\employee\Desktop\Tor Browser\Browser\firefox.exe,cc24a3b8e51a8301f65fe06335ec65a95b9076d4784dfbae0a6adac0f025bfaa,"""firefox.exe"" -contentproc -isForBrowser -prefsHandle 5560:29531 -prefMapHandle 5576:276329 -jsInitHandle 5656:242716 -parentBuildID 20260427173000 -ipcHandle 5232 -initialChannelId {341fa041-39a6-499e-b189-62b4d499c356} -parentPid 6712 -win32kLockedDown -appDir ""C:\Users\employee\Desktop\Tor Browser\Browser\browser"" - 19 tab"
"May 4, 2026 10:49:39 AM",threat-hunt-lab,employee,ProcessCreated,firefox.exe,C:\Users\employee\Desktop\Tor Browser\Browser\firefox.exe,cc24a3b8e51a8301f65fe06335ec65a95b9076d4784dfbae0a6adac0f025bfaa,"""firefox.exe"" -contentproc -isForBrowser -prefsHandle 4952:29531 -prefMapHandle 4956:276329 -jsInitHandle 4928:242716 -parentBuildID 20260427173000 -ipcHandle 4760 -initialChannelId {eab72e5b-6e33-42d9-8176-7680ce0bf34e} -parentPid 6712 -win32kLockedDown -appDir ""C:\Users\employee\Desktop\Tor Browser\Browser\browser"" - 18 tab"
"May 4, 2026 10:49:36 AM",threat-hunt-lab,employee,ProcessCreated,firefox.exe,C:\Users\employee\Desktop\Tor Browser\Browser\firefox.exe,cc24a3b8e51a8301f65fe06335ec65a95b9076d4784dfbae0a6adac0f025bfaa,"""firefox.exe"" -contentproc -isForBrowser -prefsHandle 6696:29531 -prefMapHandle 6692:276329 -jsInitHandle 6688:242716 -parentBuildID 20260427173000 -ipcHandle 6648 -initialChannelId {444e4c64-181b-42c7-8cc9-3207f18f9a44} -parentPid 6712 -win32kLockedDown -appDir ""C:\Users\employee\Desktop\Tor Browser\Browser\browser"" - 17 tab"
"May 4, 2026 10:49:33 AM",threat-hunt-lab,employee,ProcessCreated,firefox.exe,C:\Users\employee\Desktop\Tor Browser\Browser\firefox.exe,cc24a3b8e51a8301f65fe06335ec65a95b9076d4784dfbae0a6adac0f025bfaa,"""firefox.exe"" -contentproc -isForBrowser -prefsHandle 2540:29531 -prefMapHandle 5452:276329 -jsInitHandle 5128:242716 -parentBuildID 20260427173000 -ipcHandle 5356 -initialChannelId {1da6477b-2eba-4ab2-8c79-4a8813daf059} -parentPid 6712 -win32kLockedDown -appDir ""C:\Users\employee\Desktop\Tor Browser\Browser\browser"" - 16 tab"
"May 4, 2026 10:49:09 AM",threat-hunt-lab,employee,ProcessCreated,firefox.exe,C:\Users\employee\Desktop\Tor Browser\Browser\firefox.exe,cc24a3b8e51a8301f65fe06335ec65a95b9076d4784dfbae0a6adac0f025bfaa,"""firefox.exe"" -contentproc -isForBrowser -prefsHandle 4240:29531 -prefMapHandle 5272:276329 -jsInitHandle 5372:242716 -parentBuildID 20260427173000 -ipcHandle 1028 -initialChannelId {dc91cfee-b312-40aa-be31-b9b1ace8c9ff} -parentPid 6712 -win32kLockedDown -appDir ""C:\Users\employee\Desktop\Tor Browser\Browser\browser"" - 15 tab"
"May 4, 2026 10:48:52 AM",threat-hunt-lab,employee,ProcessCreated,firefox.exe,C:\Users\employee\Desktop\Tor Browser\Browser\firefox.exe,cc24a3b8e51a8301f65fe06335ec65a95b9076d4784dfbae0a6adac0f025bfaa,"""firefox.exe"" -contentproc -isForBrowser -prefsHandle 4976:29531 -prefMapHandle 4980:276329 -jsInitHandle 4964:242716 -parentBuildID 20260427173000 -ipcHandle 5784 -initialChannelId {6457ac2c-906d-4dd0-9a6d-33465dbc94ba} -parentPid 6712 -win32kLockedDown -appDir ""C:\Users\employee\Desktop\Tor Browser\Browser\browser"" - 14 tab"
"May 4, 2026 10:48:47 AM",threat-hunt-lab,employee,ProcessCreated,firefox.exe,C:\Users\employee\Desktop\Tor Browser\Browser\firefox.exe,cc24a3b8e51a8301f65fe06335ec65a95b9076d4784dfbae0a6adac0f025bfaa,"""firefox.exe"" -contentproc -isForBrowser -prefsHandle 2288:29485 -prefMapHandle 2176:276329 -jsInitHandle 5372:242716 -parentBuildID 20260427173000 -ipcHandle 5376 -initialChannelId {8a272f7b-826e-461e-bfc1-482425c7a881} -parentPid 6712 -win32kLockedDown -appDir ""C:\Users\employee\Desktop\Tor Browser\Browser\browser"" - 13 tab"
"May 4, 2026 10:48:35 AM",threat-hunt-lab,employee,ProcessCreated,firefox.exe,C:\Users\employee\Desktop\Tor Browser\Browser\firefox.exe,cc24a3b8e51a8301f65fe06335ec65a95b9076d4784dfbae0a6adac0f025bfaa,"""firefox.exe"" -contentproc -isForBrowser -prefsHandle 5488:29485 -prefMapHandle 5484:276329 -jsInitHandle 5480:242716 -parentBuildID 20260427173000 -ipcHandle 5552 -initialChannelId {e496ac4f-95d0-483a-8702-cfb3c4ae6a1a} -parentPid 6712 -win32kLockedDown -appDir ""C:\Users\employee\Desktop\Tor Browser\Browser\browser"" - 12 tab"
"May 4, 2026 10:47:17 AM",threat-hunt-lab,employee,ProcessCreated,firefox.exe,C:\Users\employee\Desktop\Tor Browser\Browser\firefox.exe,cc24a3b8e51a8301f65fe06335ec65a95b9076d4784dfbae0a6adac0f025bfaa,"""firefox.exe"" -contentproc -isForBrowser -prefsHandle 4024:29083 -prefMapHandle 4028:276329 -jsInitHandle 3552:242716 -parentBuildID 20260427173000 -ipcHandle 1928 -initialChannelId {d9fbf488-be79-4f13-9b18-d4f9dfdfe8b7} -parentPid 6712 -win32kLockedDown -appDir ""C:\Users\employee\Desktop\Tor Browser\Browser\browser"" - 11 tab"
"May 4, 2026 10:47:03 AM",threat-hunt-lab,employee,ProcessCreated,firefox.exe,C:\Users\employee\Desktop\Tor Browser\Browser\firefox.exe,cc24a3b8e51a8301f65fe06335ec65a95b9076d4784dfbae0a6adac0f025bfaa,"""firefox.exe"" -contentproc -isForBrowser -prefsHandle 4860:29031 -prefMapHandle 4864:276329 -jsInitHandle 4868:242716 -parentBuildID 20260427173000 -ipcHandle 4872 -initialChannelId {e8a33868-167c-44db-82ff-039c90964860} -parentPid 6712 -win32kLockedDown -appDir ""C:\Users\employee\Desktop\Tor Browser\Browser\browser"" - 10 tab"
"May 4, 2026 10:47:03 AM",threat-hunt-lab,employee,ProcessCreated,firefox.exe,C:\Users\employee\Desktop\Tor Browser\Browser\firefox.exe,cc24a3b8e51a8301f65fe06335ec65a95b9076d4784dfbae0a6adac0f025bfaa,"""firefox.exe"" -contentproc -isForBrowser -prefsHandle 3232:29031 -prefMapHandle 4624:276329 -jsInitHandle 4608:242716 -parentBuildID 20260427173000 -ipcHandle 3136 -initialChannelId {595accaa-461c-4a03-bbbc-379d0a683847} -parentPid 6712 -win32kLockedDown -appDir ""C:\Users\employee\Desktop\Tor Browser\Browser\browser"" - 9 tab"
"May 4, 2026 10:47:03 AM",threat-hunt-lab,employee,ProcessCreated,firefox.exe,C:\Users\employee\Desktop\Tor Browser\Browser\firefox.exe,cc24a3b8e51a8301f65fe06335ec65a95b9076d4784dfbae0a6adac0f025bfaa,"""firefox.exe"" -contentproc -isForBrowser -prefsHandle 3548:29031 -prefMapHandle 3148:276329 -jsInitHandle 3136:242716 -parentBuildID 20260427173000 -ipcHandle 1960 -initialChannelId {9aead445-cae7-4599-85ea-dc0a40e41f5e} -parentPid 6712 -win32kLockedDown -appDir ""C:\Users\employee\Desktop\Tor Browser\Browser\browser"" - 8 tab"
"May 4, 2026 10:46:58 AM",threat-hunt-lab,employee,ProcessCreated,tor.exe,C:\Users\employee\Desktop\Tor Browser\Browser\TorBrowser\Tor\tor.exe,a028d058c4d49cf0df10fe6069e4c8fe177d8996414550c6f10c1a97ee24a620,"""tor.exe"" -f ""C:\Users\employee\Desktop\Tor Browser\Browser\TorBrowser\Data\Tor\torrc"" DataDirectory ""C:\Users\employee\Desktop\Tor Browser\Browser\TorBrowser\Data\Tor"" ClientOnionAuthDir ""C:\Users\employee\Desktop\Tor Browser\Browser\TorBrowser\Data\Tor\onion-auth"" --defaults-torrc ""C:\Users\employee\Desktop\Tor Browser\Browser\TorBrowser\Data\Tor\torrc-defaults"" GeoIPFile ""C:\Users\employee\Desktop\Tor Browser\Browser\TorBrowser\Data\Tor\geoip"" GeoIPv6File ""C:\Users\employee\Desktop\Tor Browser\Browser\TorBrowser\Data\Tor\geoip6"" +__ControlPort 127.0.0.1:9151 HashedControlPassword ********** +__SocksPort ""127.0.0.1:9150 ExtendedErrors IPv6Traffic PreferIPv6 KeepAliveIsolateSOCKSAuth"" __OwningControllerProcess 6712 DisableNetwork 1"
"May 4, 2026 10:46:56 AM",threat-hunt-lab,employee,ProcessCreated,firefox.exe,C:\Users\employee\Desktop\Tor Browser\Browser\firefox.exe,cc24a3b8e51a8301f65fe06335ec65a95b9076d4784dfbae0a6adac0f025bfaa,"""firefox.exe"" -contentproc -isForBrowser -prefsHandle 4196:28693 -prefMapHandle 4200:276329 -jsInitHandle 4204:242716 -parentBuildID 20260427173000 -ipcHandle 4212 -initialChannelId {1ce590f5-69af-49ae-8dd6-68f2d992ad5c} -parentPid 6712 -win32kLockedDown -appDir ""C:\Users\employee\Desktop\Tor Browser\Browser\browser"" - 7 tab"
"May 4, 2026 10:46:56 AM",threat-hunt-lab,employee,ProcessCreated,firefox.exe,C:\Users\employee\Desktop\Tor Browser\Browser\firefox.exe,cc24a3b8e51a8301f65fe06335ec65a95b9076d4784dfbae0a6adac0f025bfaa,"""firefox.exe"" -contentproc -parentBuildID 20260427173000 -sandboxingKind 0 -prefsHandle 3156:29630 -prefMapHandle 1784:276329 -ipcHandle 1672 -initialChannelId {2cb3378b-0368-4b2d-a732-cb9acfccd3db} -parentPid 6712 -win32kLockedDown -appDir ""C:\Users\employee\Desktop\Tor Browser\Browser\browser"" - 6 utility"
"May 4, 2026 10:46:55 AM",threat-hunt-lab,employee,ProcessCreated,firefox.exe,C:\Users\employee\Desktop\Tor Browser\Browser\firefox.exe,cc24a3b8e51a8301f65fe06335ec65a95b9076d4784dfbae0a6adac0f025bfaa,"""firefox.exe"" -contentproc -isForBrowser -prefsHandle 3736:27841 -prefMapHandle 3740:276329 -jsInitHandle 3744:242716 -parentBuildID 20260427173000 -ipcHandle 3752 -initialChannelId {95ab75e7-d552-4980-8ec5-6204de6c656a} -parentPid 6712 -win32kLockedDown -appDir ""C:\Users\employee\Desktop\Tor Browser\Browser\browser"" - 5 tab"
"May 4, 2026 10:46:55 AM",threat-hunt-lab,employee,ProcessCreated,firefox.exe,C:\Users\employee\Desktop\Tor Browser\Browser\firefox.exe,cc24a3b8e51a8301f65fe06335ec65a95b9076d4784dfbae0a6adac0f025bfaa,"""firefox.exe"" -contentproc -isForBrowser -prefsHandle 3372:27765 -prefMapHandle 3376:276329 -jsInitHandle 3380:242716 -parentBuildID 20260427173000 -ipcHandle 2088 -initialChannelId {710bfff3-33ce-479a-9ce5-f1a3bcbf6036} -parentPid 6712 -win32kLockedDown -appDir ""C:\Users\employee\Desktop\Tor Browser\Browser\browser"" - 4 tab"
"May 4, 2026 10:46:55 AM",threat-hunt-lab,employee,ProcessCreated,firefox.exe,C:\Users\employee\Desktop\Tor Browser\Browser\firefox.exe,cc24a3b8e51a8301f65fe06335ec65a95b9076d4784dfbae0a6adac0f025bfaa,"""firefox.exe"" -contentproc -parentBuildID 20260427173000 -prefsHandle 2184:27703 -prefMapHandle 2188:276329 -ipcHandle 1460 -initialChannelId {e8b4c15c-f6fd-4479-8e20-3ab6a14a92fc} -parentPid 6712 -appDir ""C:\Users\employee\Desktop\Tor Browser\Browser\browser"" - 3 rdd"
"May 4, 2026 10:46:55 AM",threat-hunt-lab,employee,ProcessCreated,firefox.exe,C:\Users\employee\Desktop\Tor Browser\Browser\firefox.exe,cc24a3b8e51a8301f65fe06335ec65a95b9076d4784dfbae0a6adac0f025bfaa,"""firefox.exe"" -contentproc -isForBrowser -prefsHandle 1704:27031 -prefMapHandle 1896:276329 -jsInitHandle 1800:242716 -parentBuildID 20260427173000 -ipcHandle 1996 -initialChannelId {f22e9d7a-d8da-4fe6-8948-62e85f78af95} -parentPid 6712 -win32kLockedDown -appDir ""C:\Users\employee\Desktop\Tor Browser\Browser\browser"" - 2 tab"
"May 4, 2026 10:46:54 AM",threat-hunt-lab,employee,ProcessCreated,firefox.exe,C:\Users\employee\Desktop\Tor Browser\Browser\firefox.exe,cc24a3b8e51a8301f65fe06335ec65a95b9076d4784dfbae0a6adac0f025bfaa,"""firefox.exe"" -contentproc -parentBuildID 20260427173000 -prefsHandle 2504:26436 -prefMapHandle 2508:276329 -ipcHandle 2540 -initialChannelId {8c5f20a1-836f-4193-8507-f3c8c14c5556} -parentPid 6712 -appDir ""C:\Users\employee\Desktop\Tor Browser\Browser\browser"" - 1 gpu"
"May 4, 2026 10:46:45 AM",threat-hunt-lab,employee,ProcessCreated,firefox.exe,C:\Users\employee\Desktop\Tor Browser\Browser\firefox.exe,cc24a3b8e51a8301f65fe06335ec65a95b9076d4784dfbae0a6adac0f025bfaa,firefox.exe
"May 4, 2026 10:46:45 AM",threat-hunt-lab,employee,ProcessCreated,firefox.exe,C:\Users\employee\Desktop\Tor Browser\Browser\firefox.exe,cc24a3b8e51a8301f65fe06335ec65a95b9076d4784dfbae0a6adac0f025bfaa,firefox.exe
"Apr 29, 2026 4:04:30 PM",threat-hunt-lab,johnnynet1,ProcessCreated,tor.exe,C:\Users\JohnnyNet1\Desktop\Tor Browser\Browser\TorBrowser\Tor\tor.exe,a028d058c4d49cf0df10fe6069e4c8fe177d8996414550c6f10c1a97ee24a620,"""tor.exe"" -f ""C:\Users\JohnnyNet1\Desktop\Tor Browser\Browser\TorBrowser\Data\Tor\torrc"" DataDirectory ""C:\Users\JohnnyNet1\Desktop\Tor Browser\Browser\TorBrowser\Data\Tor"" ClientOnionAuthDir ""C:\Users\JohnnyNet1\Desktop\Tor Browser\Browser\TorBrowser\Data\Tor\onion-auth"" --defaults-torrc ""C:\Users\JohnnyNet1\Desktop\Tor Browser\Browser\TorBrowser\Data\Tor\torrc-defaults"" GeoIPFile ""C:\Users\JohnnyNet1\Desktop\Tor Browser\Browser\TorBrowser\Data\Tor\geoip"" GeoIPv6File ""C:\Users\JohnnyNet1\Desktop\Tor Browser\Browser\TorBrowser\Data\Tor\geoip6"" +__ControlPort 127.0.0.1:9151 HashedControlPassword ********** +__SocksPort ""127.0.0.1:9150 ExtendedErrors IPv6Traffic PreferIPv6 KeepAliveIsolateSOCKSAuth"" __OwningControllerProcess 1236 DisableNetwork 1"
"Apr 29, 2026 4:04:28 PM",threat-hunt-lab,johnnynet1,ProcessCreated,firefox.exe,C:\Users\JohnnyNet1\Desktop\Tor Browser\Browser\firefox.exe,cc24a3b8e51a8301f65fe06335ec65a95b9076d4784dfbae0a6adac0f025bfaa,firefox.exe
"Apr 29, 2026 4:04:28 PM",threat-hunt-lab,johnnynet1,ProcessCreated,firefox.exe,C:\Users\JohnnyNet1\Desktop\Tor Browser\Browser\firefox.exe,cc24a3b8e51a8301f65fe06335ec65a95b9076d4784dfbae0a6adac0f025bfaa,firefox.exe
"Apr 29, 2026 4:00:27 PM",threat-hunt-lab,johnnynet1,ProcessCreated,firefox.exe,C:\Users\JohnnyNet1\Desktop\Tor Browser\Browser\firefox.exe,cc24a3b8e51a8301f65fe06335ec65a95b9076d4784dfbae0a6adac0f025bfaa,"""firefox.exe"" -contentproc -isForBrowser -prefsHandle 7188:29535 -prefMapHandle 7148:276329 -jsInitHandle 6540:242716 -parentBuildID 20260427173000 -ipcHandle 6384 -initialChannelId {5d207b35-b649-497c-a8c2-a0fe14ca7897} -parentPid 8800 -win32kLockedDown -appDir ""C:\Users\JohnnyNet1\Desktop\Tor Browser\Browser\browser"" - 20 tab"
"Apr 29, 2026 3:59:46 PM",threat-hunt-lab,johnnynet1,ProcessCreated,firefox.exe,C:\Users\JohnnyNet1\Desktop\Tor Browser\Browser\firefox.exe,cc24a3b8e51a8301f65fe06335ec65a95b9076d4784dfbae0a6adac0f025bfaa,"""firefox.exe"" -contentproc -isForBrowser -prefsHandle 6872:29535 -prefMapHandle 6876:276329 -jsInitHandle 6880:242716 -parentBuildID 20260427173000 -ipcHandle 6720 -initialChannelId {13442e64-c373-435e-a8a7-225cd39f228e} -parentPid 8800 -win32kLockedDown -appDir ""C:\Users\JohnnyNet1\Desktop\Tor Browser\Browser\browser"" - 19 tab"
"Apr 29, 2026 3:59:46 PM",threat-hunt-lab,johnnynet1,ProcessCreated,firefox.exe,C:\Users\JohnnyNet1\Desktop\Tor Browser\Browser\firefox.exe,cc24a3b8e51a8301f65fe06335ec65a95b9076d4784dfbae0a6adac0f025bfaa,"""firefox.exe"" -contentproc -isForBrowser -prefsHandle 6008:29535 -prefMapHandle 6000:276329 -jsInitHandle 6568:242716 -parentBuildID 20260427173000 -ipcHandle 6520 -initialChannelId {eb72bbde-270a-4756-bbec-c334e13745c4} -parentPid 8800 -win32kLockedDown -appDir ""C:\Users\JohnnyNet1\Desktop\Tor Browser\Browser\browser"" - 18 tab"
"Apr 29, 2026 3:59:44 PM",threat-hunt-lab,johnnynet1,ProcessCreated,firefox.exe,C:\Users\JohnnyNet1\Desktop\Tor Browser\Browser\firefox.exe,cc24a3b8e51a8301f65fe06335ec65a95b9076d4784dfbae0a6adac0f025bfaa,"""firefox.exe"" -contentproc -isForBrowser -prefsHandle 4100:29535 -prefMapHandle 5612:276329 -jsInitHandle 6168:242716 -parentBuildID 20260427173000 -ipcHandle 6092 -initialChannelId {20133ba3-e69b-47d3-b9ea-ae67682d15d2} -parentPid 8800 -win32kLockedDown -appDir ""C:\Users\JohnnyNet1\Desktop\Tor Browser\Browser\browser"" - 17 tab"
"Apr 29, 2026 3:59:36 PM",threat-hunt-lab,johnnynet1,ProcessCreated,firefox.exe,C:\Users\JohnnyNet1\Desktop\Tor Browser\Browser\firefox.exe,cc24a3b8e51a8301f65fe06335ec65a95b9076d4784dfbae0a6adac0f025bfaa,"""firefox.exe"" -contentproc -isForBrowser -prefsHandle 5208:29535 -prefMapHandle 5752:276329 -jsInitHandle 4764:242716 -parentBuildID 20260427173000 -ipcHandle 5096 -initialChannelId {93a30c87-b797-43f3-b150-0c8862276409} -parentPid 8800 -win32kLockedDown -appDir ""C:\Users\JohnnyNet1\Desktop\Tor Browser\Browser\browser"" - 16 tab"
"Apr 29, 2026 3:59:24 PM",threat-hunt-lab,johnnynet1,ProcessCreated,firefox.exe,C:\Users\JohnnyNet1\Desktop\Tor Browser\Browser\firefox.exe,cc24a3b8e51a8301f65fe06335ec65a95b9076d4784dfbae0a6adac0f025bfaa,"""firefox.exe"" -contentproc -isForBrowser -prefsHandle 5944:29535 -prefMapHandle 5552:276329 -jsInitHandle 5788:242716 -parentBuildID 20260427173000 -ipcHandle 5464 -initialChannelId {53a3a971-bcd7-4708-9348-b5d0ac51fc59} -parentPid 8800 -win32kLockedDown -appDir ""C:\Users\JohnnyNet1\Desktop\Tor Browser\Browser\browser"" - 15 tab"
"Apr 29, 2026 3:59:19 PM",threat-hunt-lab,johnnynet1,ProcessCreated,firefox.exe,C:\Users\JohnnyNet1\Desktop\Tor Browser\Browser\firefox.exe,cc24a3b8e51a8301f65fe06335ec65a95b9076d4784dfbae0a6adac0f025bfaa,"""firefox.exe"" -contentproc -isForBrowser -prefsHandle 5236:29535 -prefMapHandle 5460:276329 -jsInitHandle 5256:242716 -parentBuildID 20260427173000 -ipcHandle 5632 -initialChannelId {d46e68e4-c61a-4644-ba68-4bc3ce10b039} -parentPid 8800 -win32kLockedDown -appDir ""C:\Users\JohnnyNet1\Desktop\Tor Browser\Browser\browser"" - 14 tab"
"Apr 29, 2026 3:59:18 PM",threat-hunt-lab,johnnynet1,ProcessCreated,firefox.exe,C:\Users\JohnnyNet1\Desktop\Tor Browser\Browser\firefox.exe,cc24a3b8e51a8301f65fe06335ec65a95b9076d4784dfbae0a6adac0f025bfaa,"""firefox.exe"" -contentproc -isForBrowser -prefsHandle 5468:29535 -prefMapHandle 5464:276329 -jsInitHandle 4756:242716 -parentBuildID 20260427173000 -ipcHandle 4500 -initialChannelId {6845c506-13f2-4ea6-a709-e432336da87b} -parentPid 8800 -win32kLockedDown -appDir ""C:\Users\JohnnyNet1\Desktop\Tor Browser\Browser\browser"" - 13 tab"
"Apr 29, 2026 3:59:02 PM",threat-hunt-lab,johnnynet1,ProcessCreated,firefox.exe,C:\Users\JohnnyNet1\Desktop\Tor Browser\Browser\firefox.exe,cc24a3b8e51a8301f65fe06335ec65a95b9076d4784dfbae0a6adac0f025bfaa,"""firefox.exe"" -contentproc -isForBrowser -prefsHandle 1988:29535 -prefMapHandle 3424:276329 -jsInitHandle 4892:242716 -parentBuildID 20260427173000 -ipcHandle 4668 -initialChannelId {ea77ecfb-4bb0-4b60-abbd-c59e7691b7ab} -parentPid 8800 -win32kLockedDown -appDir ""C:\Users\JohnnyNet1\Desktop\Tor Browser\Browser\browser"" - 12 tab"
"Apr 29, 2026 3:58:28 PM",threat-hunt-lab,johnnynet1,ProcessCreated,firefox.exe,C:\Users\JohnnyNet1\Desktop\Tor Browser\Browser\firefox.exe,cc24a3b8e51a8301f65fe06335ec65a95b9076d4784dfbae0a6adac0f025bfaa,"""firefox.exe"" -contentproc -isForBrowser -prefsHandle 5004:29369 -prefMapHandle 3412:276329 -jsInitHandle 5000:242716 -parentBuildID 20260427173000 -ipcHandle 1400 -initialChannelId {c15c72f8-32ea-4875-a02c-e0a67a0b01e5} -parentPid 8800 -win32kLockedDown -appDir ""C:\Users\JohnnyNet1\Desktop\Tor Browser\Browser\browser"" - 11 tab"
"Apr 29, 2026 3:57:43 PM",threat-hunt-lab,johnnynet1,ProcessCreated,firefox.exe,C:\Users\JohnnyNet1\Desktop\Tor Browser\Browser\firefox.exe,cc24a3b8e51a8301f65fe06335ec65a95b9076d4784dfbae0a6adac0f025bfaa,"""firefox.exe"" -contentproc -isForBrowser -prefsHandle 5032:28693 -prefMapHandle 5036:276329 -jsInitHandle 5040:242716 -parentBuildID 20260427173000 -ipcHandle 5048 -initialChannelId {63de2b58-899a-4b32-aba5-7893b17c3522} -parentPid 8800 -win32kLockedDown -appDir ""C:\Users\JohnnyNet1\Desktop\Tor Browser\Browser\browser"" - 10 tab"
"Apr 29, 2026 3:57:43 PM",threat-hunt-lab,johnnynet1,ProcessCreated,firefox.exe,C:\Users\JohnnyNet1\Desktop\Tor Browser\Browser\firefox.exe,cc24a3b8e51a8301f65fe06335ec65a95b9076d4784dfbae0a6adac0f025bfaa,"""firefox.exe"" -contentproc -isForBrowser -prefsHandle 4844:28693 -prefMapHandle 4848:276329 -jsInitHandle 4852:242716 -parentBuildID 20260427173000 -ipcHandle 4860 -initialChannelId {89201288-3f5a-477f-b8f2-3e9ac1d02928} -parentPid 8800 -win32kLockedDown -appDir ""C:\Users\JohnnyNet1\Desktop\Tor Browser\Browser\browser"" - 9 tab"
"Apr 29, 2026 3:57:43 PM",threat-hunt-lab,johnnynet1,ProcessCreated,firefox.exe,C:\Users\JohnnyNet1\Desktop\Tor Browser\Browser\firefox.exe,cc24a3b8e51a8301f65fe06335ec65a95b9076d4784dfbae0a6adac0f025bfaa,"""firefox.exe"" -contentproc -isForBrowser -prefsHandle 4384:28693 -prefMapHandle 4160:276329 -jsInitHandle 4368:242716 -parentBuildID 20260427173000 -ipcHandle 4232 -initialChannelId {f45503bb-77a9-45e5-916c-1028b5d7df6e} -parentPid 8800 -win32kLockedDown -appDir ""C:\Users\JohnnyNet1\Desktop\Tor Browser\Browser\browser"" - 8 tab"
"Apr 29, 2026 3:57:43 PM",threat-hunt-lab,johnnynet1,ProcessCreated,firefox.exe,C:\Users\JohnnyNet1\Desktop\Tor Browser\Browser\firefox.exe,cc24a3b8e51a8301f65fe06335ec65a95b9076d4784dfbae0a6adac0f025bfaa,"""firefox.exe"" -contentproc -isForBrowser -prefsHandle 4168:28302 -prefMapHandle 4172:276329 -jsInitHandle 4176:242716 -parentBuildID 20260427173000 -ipcHandle 4200 -initialChannelId {00dbef5c-f872-458e-aabc-0c60267b05ab} -parentPid 8800 -win32kLockedDown -appDir ""C:\Users\JohnnyNet1\Desktop\Tor Browser\Browser\browser"" - 7 tab"
"Apr 29, 2026 3:57:43 PM",threat-hunt-lab,johnnynet1,ProcessCreated,firefox.exe,C:\Users\JohnnyNet1\Desktop\Tor Browser\Browser\firefox.exe,cc24a3b8e51a8301f65fe06335ec65a95b9076d4784dfbae0a6adac0f025bfaa,"""firefox.exe"" -contentproc -parentBuildID 20260427173000 -sandboxingKind 0 -prefsHandle 4128:29630 -prefMapHandle 4132:276329 -ipcHandle 4160 -initialChannelId {f22d3fe7-6140-40a5-a658-30dc973e1ad5} -parentPid 8800 -win32kLockedDown -appDir ""C:\Users\JohnnyNet1\Desktop\Tor Browser\Browser\browser"" - 6 utility"
"Apr 29, 2026 3:57:41 PM",threat-hunt-lab,johnnynet1,ProcessCreated,firefox.exe,C:\Users\JohnnyNet1\Desktop\Tor Browser\Browser\firefox.exe,cc24a3b8e51a8301f65fe06335ec65a95b9076d4784dfbae0a6adac0f025bfaa,"""firefox.exe"" -contentproc -isForBrowser -prefsHandle 3704:27841 -prefMapHandle 3708:276329 -jsInitHandle 3712:242716 -parentBuildID 20260427173000 -ipcHandle 3720 -initialChannelId {fb03deba-243e-45cc-80f5-d1ce44f6711a} -parentPid 8800 -win32kLockedDown -appDir ""C:\Users\JohnnyNet1\Desktop\Tor Browser\Browser\browser"" - 5 tab"
"Apr 29, 2026 3:57:41 PM",threat-hunt-lab,johnnynet1,ProcessCreated,tor.exe,C:\Users\JohnnyNet1\Desktop\Tor Browser\Browser\TorBrowser\Tor\tor.exe,a028d058c4d49cf0df10fe6069e4c8fe177d8996414550c6f10c1a97ee24a620,"""tor.exe"" -f ""C:\Users\JohnnyNet1\Desktop\Tor Browser\Browser\TorBrowser\Data\Tor\torrc"" DataDirectory ""C:\Users\JohnnyNet1\Desktop\Tor Browser\Browser\TorBrowser\Data\Tor"" ClientOnionAuthDir ""C:\Users\JohnnyNet1\Desktop\Tor Browser\Browser\TorBrowser\Data\Tor\onion-auth"" --defaults-torrc ""C:\Users\JohnnyNet1\Desktop\Tor Browser\Browser\TorBrowser\Data\Tor\torrc-defaults"" GeoIPFile ""C:\Users\JohnnyNet1\Desktop\Tor Browser\Browser\TorBrowser\Data\Tor\geoip"" GeoIPv6File ""C:\Users\JohnnyNet1\Desktop\Tor Browser\Browser\TorBrowser\Data\Tor\geoip6"" +__ControlPort 127.0.0.1:9151 HashedControlPassword ********** +__SocksPort ""127.0.0.1:9150 ExtendedErrors IPv6Traffic PreferIPv6 KeepAliveIsolateSOCKSAuth"" __OwningControllerProcess 8800 DisableNetwork 1"
"Apr 29, 2026 3:57:41 PM",threat-hunt-lab,johnnynet1,ProcessCreated,firefox.exe,C:\Users\JohnnyNet1\Desktop\Tor Browser\Browser\firefox.exe,cc24a3b8e51a8301f65fe06335ec65a95b9076d4784dfbae0a6adac0f025bfaa,"""firefox.exe"" -contentproc -isForBrowser -prefsHandle 1932:27765 -prefMapHandle 1960:276329 -jsInitHandle 1964:242716 -parentBuildID 20260427173000 -ipcHandle 2072 -initialChannelId {77f49b25-3b31-42ed-8051-37dee42de2c1} -parentPid 8800 -win32kLockedDown -appDir ""C:\Users\JohnnyNet1\Desktop\Tor Browser\Browser\browser"" - 4 tab"
"Apr 29, 2026 3:57:41 PM",threat-hunt-lab,johnnynet1,ProcessCreated,firefox.exe,C:\Users\JohnnyNet1\Desktop\Tor Browser\Browser\firefox.exe,cc24a3b8e51a8301f65fe06335ec65a95b9076d4784dfbae0a6adac0f025bfaa,"""firefox.exe"" -contentproc -parentBuildID 20260427173000 -prefsHandle 3032:27703 -prefMapHandle 3036:276329 -ipcHandle 3120 -initialChannelId {e7bb4692-1c75-407b-b1b5-082e206b0f49} -parentPid 8800 -appDir ""C:\Users\JohnnyNet1\Desktop\Tor Browser\Browser\browser"" - 3 rdd"
"Apr 29, 2026 3:57:41 PM",threat-hunt-lab,johnnynet1,ProcessCreated,firefox.exe,C:\Users\JohnnyNet1\Desktop\Tor Browser\Browser\firefox.exe,cc24a3b8e51a8301f65fe06335ec65a95b9076d4784dfbae0a6adac0f025bfaa,"""firefox.exe"" -contentproc -isForBrowser -prefsHandle 2180:27031 -prefMapHandle 2060:276329 -jsInitHandle 2064:242716 -parentBuildID 20260427173000 -ipcHandle 2032 -initialChannelId {e6079b8e-f4d2-42da-8b37-4e9d9fb801d4} -parentPid 8800 -win32kLockedDown -appDir ""C:\Users\JohnnyNet1\Desktop\Tor Browser\Browser\browser"" - 2 tab"
"Apr 29, 2026 3:57:40 PM",threat-hunt-lab,johnnynet1,ProcessCreated,firefox.exe,C:\Users\JohnnyNet1\Desktop\Tor Browser\Browser\firefox.exe,cc24a3b8e51a8301f65fe06335ec65a95b9076d4784dfbae0a6adac0f025bfaa,"""firefox.exe"" -contentproc -parentBuildID 20260427173000 -prefsHandle 2600:26436 -prefMapHandle 2604:276329 -ipcHandle 2636 -initialChannelId {33bf7b04-f22d-4cb8-8df3-245351f7c304} -parentPid 8800 -appDir ""C:\Users\JohnnyNet1\Desktop\Tor Browser\Browser\browser"" - 1 gpu"
"Apr 29, 2026 3:57:39 PM",threat-hunt-lab,johnnynet1,ProcessCreated,firefox.exe,C:\Users\JohnnyNet1\Desktop\Tor Browser\Browser\firefox.exe,cc24a3b8e51a8301f65fe06335ec65a95b9076d4784dfbae0a6adac0f025bfaa,firefox.exe
"Apr 29, 2026 3:57:39 PM",threat-hunt-lab,johnnynet1,ProcessCreated,firefox.exe,C:\Users\JohnnyNet1\Desktop\Tor Browser\Browser\firefox.exe,cc24a3b8e51a8301f65fe06335ec65a95b9076d4784dfbae0a6adac0f025bfaa,firefox.exe
"Apr 14, 2026 8:51:48 AM",threat-hunt-lab,employee,ProcessCreated,firefox.exe,C:\Users\employee\Desktop\Tor Browser\Browser\firefox.exe,ef09a491d65b51f1f304145f6914a6682acd5c6226d0a241361730881134de35,"""firefox.exe"" -contentproc -isForBrowser -prefsHandle 4736:27743 -prefMapHandle 4268:277832 -jsInitHandle 2260:242716 -parentBuildID 20260404073000 -ipcHandle 4752 -initialChannelId {6c34c57a-212b-481b-b2fe-9245ce2a327d} -parentPid 1556 -win32kLockedDown -appDir ""C:\Users\employee\Desktop\Tor Browser\Browser\browser"" - 10 tab"
"Apr 14, 2026 8:45:21 AM",threat-hunt-lab,employee,ProcessCreated,firefox.exe,C:\Users\employee\Desktop\Tor Browser\Browser\firefox.exe,ef09a491d65b51f1f304145f6914a6682acd5c6226d0a241361730881134de35,"""firefox.exe"" -contentproc -isForBrowser -prefsHandle 4788:27337 -prefMapHandle 4792:277832 -jsInitHandle 4796:242716 -parentBuildID 20260404073000 -ipcHandle 4576 -initialChannelId {0df398b2-9995-493e-8aa6-b448bc3d7a63} -parentPid 1556 -win32kLockedDown -appDir ""C:\Users\employee\Desktop\Tor Browser\Browser\browser"" - 9 tab"
"Apr 14, 2026 8:45:21 AM",threat-hunt-lab,employee,ProcessCreated,firefox.exe,C:\Users\employee\Desktop\Tor Browser\Browser\firefox.exe,ef09a491d65b51f1f304145f6914a6682acd5c6226d0a241361730881134de35,"""firefox.exe"" -contentproc -isForBrowser -prefsHandle 4568:27337 -prefMapHandle 4572:277832 -jsInitHandle 4576:242716 -parentBuildID 20260404073000 -ipcHandle 4584 -initialChannelId {badcee2d-0330-4719-8af7-cf5058651f3e} -parentPid 1556 -win32kLockedDown -appDir ""C:\Users\employee\Desktop\Tor Browser\Browser\browser"" - 8 tab"
"Apr 14, 2026 8:45:21 AM",threat-hunt-lab,employee,ProcessCreated,firefox.exe,C:\Users\employee\Desktop\Tor Browser\Browser\firefox.exe,ef09a491d65b51f1f304145f6914a6682acd5c6226d0a241361730881134de35,"""firefox.exe"" -contentproc -isForBrowser -prefsHandle 4388:27337 -prefMapHandle 4392:277832 -jsInitHandle 4396:242716 -parentBuildID 20260404073000 -ipcHandle 4404 -initialChannelId {9de747b2-f703-4825-8e5d-20f53b0e99da} -parentPid 1556 -win32kLockedDown -appDir ""C:\Users\employee\Desktop\Tor Browser\Browser\browser"" - 7 tab"
"Apr 14, 2026 8:45:18 AM",threat-hunt-lab,employee,ProcessCreated,firefox.exe,C:\Users\employee\Desktop\Tor Browser\Browser\firefox.exe,ef09a491d65b51f1f304145f6914a6682acd5c6226d0a241361730881134de35,"""firefox.exe"" -contentproc -isForBrowser -prefsHandle 3980:27145 -prefMapHandle 4028:277832 -jsInitHandle 4012:242716 -parentBuildID 20260404073000 -ipcHandle 4080 -initialChannelId {508112f8-42a0-41e7-9909-d6d1a25a4180} -parentPid 1556 -win32kLockedDown -appDir ""C:\Users\employee\Desktop\Tor Browser\Browser\browser"" - 6 tab"
"Apr 14, 2026 8:45:18 AM",threat-hunt-lab,employee,ProcessCreated,firefox.exe,C:\Users\employee\Desktop\Tor Browser\Browser\firefox.exe,ef09a491d65b51f1f304145f6914a6682acd5c6226d0a241361730881134de35,"""firefox.exe"" -contentproc -parentBuildID 20260404073000 -sandboxingKind 0 -prefsHandle 1300:28340 -prefMapHandle 1588:277832 -ipcHandle 3756 -initialChannelId {81cc8d20-9357-4bcf-b94a-365bef125f54} -parentPid 1556 -win32kLockedDown -appDir ""C:\Users\employee\Desktop\Tor Browser\Browser\browser"" - 5 utility"
"Apr 14, 2026 8:45:18 AM",threat-hunt-lab,employee,ProcessCreated,firefox.exe,C:\Users\employee\Desktop\Tor Browser\Browser\firefox.exe,ef09a491d65b51f1f304145f6914a6682acd5c6226d0a241361730881134de35,"""firefox.exe"" -contentproc -isForBrowser -prefsHandle 2088:28299 -prefMapHandle 2920:277832 -jsInitHandle 2924:242716 -parentBuildID 20260404073000 -ipcHandle 2032 -initialChannelId {9385dd03-8526-4efa-8f25-193aecfdfe00} -parentPid 1556 -win32kLockedDown -appDir ""C:\Users\employee\Desktop\Tor Browser\Browser\browser"" - 4 tab"
"Apr 14, 2026 8:45:17 AM",threat-hunt-lab,employee,ProcessCreated,firefox.exe,C:\Users\employee\Desktop\Tor Browser\Browser\firefox.exe,ef09a491d65b51f1f304145f6914a6682acd5c6226d0a241361730881134de35,"""firefox.exe"" -contentproc -parentBuildID 20260404073000 -prefsHandle 3312:28210 -prefMapHandle 3316:277832 -ipcHandle 3396 -initialChannelId {6e481ee3-1673-4a62-aeb9-50ca1c5020b9} -parentPid 1556 -appDir ""C:\Users\employee\Desktop\Tor Browser\Browser\browser"" - 3 rdd"
"Apr 14, 2026 8:45:17 AM",threat-hunt-lab,employee,ProcessCreated,firefox.exe,C:\Users\employee\Desktop\Tor Browser\Browser\firefox.exe,ef09a491d65b51f1f304145f6914a6682acd5c6226d0a241361730881134de35,"""firefox.exe"" -contentproc -isForBrowser -prefsHandle 3088:28210 -prefMapHandle 3092:277832 -jsInitHandle 3096:242716 -parentBuildID 20260404073000 -ipcHandle 3104 -initialChannelId {4a4e5cb9-5150-447b-9a52-081238fae376} -parentPid 1556 -win32kLockedDown -appDir ""C:\Users\employee\Desktop\Tor Browser\Browser\browser"" - 2 tab"
"Apr 14, 2026 8:45:17 AM",threat-hunt-lab,employee,ProcessCreated,tor.exe,C:\Users\employee\Desktop\Tor Browser\Browser\TorBrowser\Tor\tor.exe,176c9cb6131fb49fa5e982e823766947e5ce673177c7fff339f5e7a9d330ebf3,"""tor.exe"" -f ""C:\Users\employee\Desktop\Tor Browser\Browser\TorBrowser\Data\Tor\torrc"" DataDirectory ""C:\Users\employee\Desktop\Tor Browser\Browser\TorBrowser\Data\Tor"" ClientOnionAuthDir ""C:\Users\employee\Desktop\Tor Browser\Browser\TorBrowser\Data\Tor\onion-auth"" --defaults-torrc ""C:\Users\employee\Desktop\Tor Browser\Browser\TorBrowser\Data\Tor\torrc-defaults"" GeoIPFile ""C:\Users\employee\Desktop\Tor Browser\Browser\TorBrowser\Data\Tor\geoip"" GeoIPv6File ""C:\Users\employee\Desktop\Tor Browser\Browser\TorBrowser\Data\Tor\geoip6"" +__ControlPort 127.0.0.1:9151 HashedControlPassword ********** +__SocksPort ""127.0.0.1:9150 ExtendedErrors IPv6Traffic PreferIPv6 KeepAliveIsolateSOCKSAuth"" __OwningControllerProcess 1556 DisableNetwork 1"
"Apr 14, 2026 8:45:16 AM",threat-hunt-lab,employee,ProcessCreated,firefox.exe,C:\Users\employee\Desktop\Tor Browser\Browser\firefox.exe,ef09a491d65b51f1f304145f6914a6682acd5c6226d0a241361730881134de35,"""firefox.exe"" -contentproc -parentBuildID 20260404073000 -prefsHandle 2424:28098 -prefMapHandle 2428:277832 -ipcHandle 2460 -initialChannelId {874530e9-5cb8-465e-afec-f5fbea0578e4} -parentPid 1556 -appDir ""C:\Users\employee\Desktop\Tor Browser\Browser\browser"" - 1 gpu"
"Apr 14, 2026 8:45:16 AM",threat-hunt-lab,employee,ProcessCreated,firefox.exe,C:\Users\employee\Desktop\Tor Browser\Browser\firefox.exe,ef09a491d65b51f1f304145f6914a6682acd5c6226d0a241361730881134de35,firefox.exe
"Apr 14, 2026 8:45:16 AM",threat-hunt-lab,employee,ProcessCreated,firefox.exe,C:\Users\employee\Desktop\Tor Browser\Browser\firefox.exe,ef09a491d65b51f1f304145f6914a6682acd5c6226d0a241361730881134de35,firefox.exe
"Apr 14, 2026 8:44:55 AM",threat-hunt-lab,employee,ProcessCreated,tor.exe,C:\Users\employee\Desktop\Tor Browser\Browser\TorBrowser\Tor\tor.exe,176c9cb6131fb49fa5e982e823766947e5ce673177c7fff339f5e7a9d330ebf3,"""tor.exe"" -f ""C:\Users\employee\Desktop\Tor Browser\Browser\TorBrowser\Data\Tor\torrc"" DataDirectory ""C:\Users\employee\Desktop\Tor Browser\Browser\TorBrowser\Data\Tor"" ClientOnionAuthDir ""C:\Users\employee\Desktop\Tor Browser\Browser\TorBrowser\Data\Tor\onion-auth"" --defaults-torrc ""C:\Users\employee\Desktop\Tor Browser\Browser\TorBrowser\Data\Tor\torrc-defaults"" GeoIPFile ""C:\Users\employee\Desktop\Tor Browser\Browser\TorBrowser\Data\Tor\geoip"" GeoIPv6File ""C:\Users\employee\Desktop\Tor Browser\Browser\TorBrowser\Data\Tor\geoip6"" +__ControlPort 127.0.0.1:9151 HashedControlPassword ********** +__SocksPort ""127.0.0.1:9150 ExtendedErrors IPv6Traffic PreferIPv6 KeepAliveIsolateSOCKSAuth"" __OwningControllerProcess 10624 DisableNetwork 1"
"Apr 14, 2026 8:44:51 AM",threat-hunt-lab,employee,ProcessCreated,firefox.exe,C:\Users\employee\Desktop\Tor Browser\Browser\firefox.exe,ef09a491d65b51f1f304145f6914a6682acd5c6226d0a241361730881134de35,"""firefox.exe"" -contentproc -isForBrowser -prefsHandle 4748:28199 -prefMapHandle 4752:276305 -jsInitHandle 4756:242716 -parentBuildID 20260404073000 -ipcHandle 4764 -initialChannelId {fe3b3a74-77a4-464b-805b-93e538c775d0} -parentPid 10624 -win32kLockedDown -appDir ""C:\Users\employee\Desktop\Tor Browser\Browser\browser"" - 10 tab"
"Apr 14, 2026 8:44:51 AM",threat-hunt-lab,employee,ProcessCreated,firefox.exe,C:\Users\employee\Desktop\Tor Browser\Browser\firefox.exe,ef09a491d65b51f1f304145f6914a6682acd5c6226d0a241361730881134de35,"""firefox.exe"" -contentproc -isForBrowser -prefsHandle 4212:27987 -prefMapHandle 4216:276305 -jsInitHandle 4220:242716 -parentBuildID 20260404073000 -ipcHandle 4224 -initialChannelId {0109b47a-471a-4ea9-998c-e6db2989e722} -parentPid 10624 -win32kLockedDown -appDir ""C:\Users\employee\Desktop\Tor Browser\Browser\browser"" - 9 tab"
"Apr 14, 2026 8:44:51 AM",threat-hunt-lab,employee,ProcessCreated,firefox.exe,C:\Users\employee\Desktop\Tor Browser\Browser\firefox.exe,ef09a491d65b51f1f304145f6914a6682acd5c6226d0a241361730881134de35,"""firefox.exe"" -contentproc -isForBrowser -prefsHandle 3472:27987 -prefMapHandle 3344:276305 -jsInitHandle 2424:242716 -parentBuildID 20260404073000 -ipcHandle 3708 -initialChannelId {bad3299e-e166-4f15-8e32-53fd237f1bd3} -parentPid 10624 -win32kLockedDown -appDir ""C:\Users\employee\Desktop\Tor Browser\Browser\browser"" - 8 tab"
"Apr 14, 2026 8:44:51 AM",threat-hunt-lab,employee,ProcessCreated,firefox.exe,C:\Users\employee\Desktop\Tor Browser\Browser\firefox.exe,ef09a491d65b51f1f304145f6914a6682acd5c6226d0a241361730881134de35,"""firefox.exe"" -contentproc -parentBuildID 20260404073000 -sandboxingKind 0 -prefsHandle 3968:29296 -prefMapHandle 4176:276305 -ipcHandle 3716 -initialChannelId {4b4005f3-829f-4878-81ee-296d0f07ad94} -parentPid 10624 -win32kLockedDown -appDir ""C:\Users\employee\Desktop\Tor Browser\Browser\browser"" - 7 utility"
"Apr 14, 2026 8:44:50 AM",threat-hunt-lab,employee,ProcessCreated,firefox.exe,C:\Users\employee\Desktop\Tor Browser\Browser\firefox.exe,ef09a491d65b51f1f304145f6914a6682acd5c6226d0a241361730881134de35,"""firefox.exe"" -contentproc -isForBrowser -prefsHandle 1932:27715 -prefMapHandle 3468:276305 -jsInitHandle 3408:242716 -parentBuildID 20260404073000 -ipcHandle 3060 -initialChannelId {3048c24d-120c-4feb-bc8d-027e6c080c2f} -parentPid 10624 -win32kLockedDown -appDir ""C:\Users\employee\Desktop\Tor Browser\Browser\browser"" - 6 tab"
"Apr 14, 2026 8:44:49 AM",threat-hunt-lab,employee,ProcessCreated,firefox.exe,C:\Users\employee\Desktop\Tor Browser\Browser\firefox.exe,ef09a491d65b51f1f304145f6914a6682acd5c6226d0a241361730881134de35,"""firefox.exe"" -contentproc -isForBrowser -prefsHandle 3460:27835 -prefMapHandle 1564:276305 -jsInitHandle 1340:242716 -parentBuildID 20260404073000 -ipcHandle 3724 -initialChannelId {8ee6de9c-9029-4d42-9f40-24236b1413a1} -parentPid 10624 -win32kLockedDown -appDir ""C:\Users\employee\Desktop\Tor Browser\Browser\browser"" - 5 tab"
"Apr 14, 2026 8:44:49 AM",threat-hunt-lab,employee,ProcessCreated,firefox.exe,C:\Users\employee\Desktop\Tor Browser\Browser\firefox.exe,ef09a491d65b51f1f304145f6914a6682acd5c6226d0a241361730881134de35,"""firefox.exe"" -contentproc -isForBrowser -prefsHandle 3456:27759 -prefMapHandle 3460:276305 -jsInitHandle 3464:242716 -parentBuildID 20260404073000 -ipcHandle 3484 -initialChannelId {d7303e50-fa1f-4d67-b1e9-56a0fae13fe1} -parentPid 10624 -win32kLockedDown -appDir ""C:\Users\employee\Desktop\Tor Browser\Browser\browser"" - 4 tab"
"Apr 14, 2026 8:44:49 AM",threat-hunt-lab,employee,ProcessCreated,firefox.exe,C:\Users\employee\Desktop\Tor Browser\Browser\firefox.exe,ef09a491d65b51f1f304145f6914a6682acd5c6226d0a241361730881134de35,"""firefox.exe"" -contentproc -parentBuildID 20260404073000 -prefsHandle 1844:27697 -prefMapHandle 1992:276305 -ipcHandle 1996 -initialChannelId {fa20b8ad-a937-4b05-a3e9-d6bf6d9e7f27} -parentPid 10624 -appDir ""C:\Users\employee\Desktop\Tor Browser\Browser\browser"" - 3 rdd"
"Apr 14, 2026 8:44:49 AM",threat-hunt-lab,employee,ProcessCreated,firefox.exe,C:\Users\employee\Desktop\Tor Browser\Browser\firefox.exe,ef09a491d65b51f1f304145f6914a6682acd5c6226d0a241361730881134de35,"""firefox.exe"" -contentproc -isForBrowser -prefsHandle 2068:27031 -prefMapHandle 2376:276305 -jsInitHandle 1456:242716 -parentBuildID 20260404073000 -ipcHandle 1912 -initialChannelId {6b4cbfb5-5cda-4e9e-8ac5-0d33defa5fd7} -parentPid 10624 -win32kLockedDown -appDir ""C:\Users\employee\Desktop\Tor Browser\Browser\browser"" - 2 tab"
"Apr 14, 2026 8:44:48 AM",threat-hunt-lab,employee,ProcessCreated,firefox.exe,C:\Users\employee\Desktop\Tor Browser\Browser\firefox.exe,ef09a491d65b51f1f304145f6914a6682acd5c6226d0a241361730881134de35,"""firefox.exe"" -contentproc -parentBuildID 20260404073000 -prefsHandle 2536:26433 -prefMapHandle 2540:276305 -ipcHandle 2572 -initialChannelId {0a2ff462-9d91-4c68-90a6-bf1bf95d78f0} -parentPid 10624 -appDir ""C:\Users\employee\Desktop\Tor Browser\Browser\browser"" - 1 gpu"
"Apr 14, 2026 8:44:34 AM",threat-hunt-lab,employee,ProcessCreated,firefox.exe,C:\Users\employee\Desktop\Tor Browser\Browser\firefox.exe,ef09a491d65b51f1f304145f6914a6682acd5c6226d0a241361730881134de35,firefox.exe
"Apr 14, 2026 8:44:34 AM",threat-hunt-lab,employee,ProcessCreated,firefox.exe,C:\Users\employee\Desktop\Tor Browser\Browser\firefox.exe,ef09a491d65b51f1f304145f6914a6682acd5c6226d0a241361730881134de35,firefox.exe